company,domain,industry,employees,country,icp_score,tier,outreach_line,pain_point,summary,stage
Acme Ltd,acme.com,Software,120,United Kingdom,70,B,Test line,Test pain,Test summary,enriched
Beta Corp,United States,beta.io,300,80,Fintech,Are you struggling to optimize your financial infrastructure and reduce regulatory risk?,managing and streamlining complex financial operations and compliance,enriched,Beta Corp likely provides financial technology solutions to businesses.,A
{'approved': True}
Gamma Health,United Kingdom,gammahealth.com,80,45,Healthcare,[NEEDS REVIEW],[NEEDS REVIEW],enriched,[NEEDS REVIEW],C
Delta Systems,United States,deltasystems.io,150,45,SaaS,"Hi, I came across Delta Systems and noticed you're using multiple SaaS tools - can I help you streamline your workflow?",Delta Systems probably struggles with data integration and synchronization issues across different systems and departments.,enriched,Delta Systems likely provides software solutions for managing and optimizing business operations.,C
TestCo 1,United Kingdom,testco1.com,300,70,HR Software,Are you struggling to keep up with the latest HR regulations and looking for a reliable partner to support your organization?,managing employee data and compliance in a rapidly changing regulatory landscape,enriched,TestCo 1 likely provides HR software solutions to businesses,B
TestCo 2,Brazil,testco2.com,900,20,Healthcare,"Are you experiencing challenges with data management in your clinical trials, and are looking for a partner to help streamline your processes?",They probably struggle to manage the complexity and variability of clinical trial data across multiple sites and vendors.,enriched,TestCo 2 likely provides clinical trial management services to pharmaceutical and biotech companies.,C
TestCo 3,Brazil,testco3.com,80,55,Fintech,Are you a fintech company looking to improve the reliability of your payment processing systems?,They probably struggle to scale their testing processes to meet the increasing demands of regulatory compliance and rapid technological change.,enriched,TestCo 3 likely provides testing and quality assurance services for financial institutions and fintech companies.,C
TestCo 4,United States,testco4.com,80,45,Healthcare,Are you looking for a partner to help optimize your clinical trial data management and improve patient outcomes?,They probably struggle with managing and streamlining their clinical trial data management processes to improve efficiency and reduce costs.,enriched,TestCo 4 likely provides clinical trial testing and research services to pharmaceutical and biotech companies.,C
TestCo 5,Australia,testco5.com,2500,45,Healthcare,Are you looking for ways to streamline your lab testing processes and improve patient outcomes?,They probably struggle with managing and optimizing their laboratory testing workflows to improve efficiency and reduce costs.,enriched,TestCo 5 likely provides medical testing and diagnostic services to healthcare providers.,C
TestCo 6,Brazil,testco6.com,8000,40,Retail,"Hi, I came across TestCo 6 and noticed you're working with multiple data analytics tools - are you experiencing any challenges in getting a complete picture of your retail operations?",TestCo 6 probably struggles with integrating their data analytics tools with existing point-of-sale systems to get a unified view of customer behavior and sales performance.,enriched,TestCo 6 likely provides data analytics and insights to retail businesses to help them optimize their operations and improve customer experiences.,C
TestCo 7,Australia,testco7.com,1200,45,Healthcare,"Are you tired of manual data entry and lost lab results, and looking for a more efficient way to manage your testing workflow?",They probably struggle with inefficient lab result management and manual data entry processes.,enriched,TestCo 7 likely provides medical testing and diagnostic services to healthcare providers.,C
TestCo 8,Brazil,testco8.com,80,55,Fintech,Are you looking for a partner to help streamline your testing processes and reduce costs without sacrificing quality?,They probably struggle with meeting the increasing demand for faster testing cycles and reduced costs without compromising on quality.,enriched,TestCo 8 likely provides testing and quality assurance services for financial institutions and fintech companies.,C
TestCo 9,Brazil,testco9.com,1200,60,HR Software,Are you struggling to onboard new hires effectively and ensure they have the necessary training?,managing employee onboarding and training processes efficiently,enriched,TestCo 9 likely develops and sells HR software solutions for businesses.,B
TestCo 10,Brazil,testco10.com,900,30,Design,Are you looking for a design partner to help you modernize your brand and improve user engagement?,TestCo 10 probably struggles with staying up-to-date with the latest design trends and technologies to remain competitive in the market.,enriched,"TestCo 10 likely provides design services or solutions to businesses, possibly focusing on user experience (UX) and user interface (UI) design.",C
TestCo 11,Denmark,testco11.com,80,30,Healthcare,Are you experiencing delays in lab result turnaround times and manual data entry for your patients?,They probably struggle with inefficient lab result reporting and manual data entry processes.,enriched,TestCo 11 likely provides medical testing and diagnostic services to healthcare providers.,C
TestCo 12,Germany,testco12.com,900,40,Design,Are you looking to streamline your design process and improve collaboration among your design teams?,They probably struggle with inefficient design workflows or lack of design consistency across their teams,enriched,TestCo 12 likely provides design services or solutions to businesses,C
TestCo 13,Denmark,testco13.com,8000,75,HR Software,Are you struggling to keep up with changing HR regulations and data management needs?,managing employee data and compliance requirements,enriched,TestCo 13 likely provides HR software solutions to businesses.,B
TestCo 14,Germany,testco14.com,2500,45,Healthcare,Are you looking for a reliable partner to help streamline your clinical trial data management processes?,They probably struggle to manage and analyze large amounts of clinical trial data efficiently.,enriched,TestCo 14 likely conducts clinical trials and research for pharmaceutical companies.,C
TestCo 15,Brazil,testco15.com,2500,60,HR Software,Are you struggling to keep up with the latest HR regulations and looking for a reliable partner to support your organization?,managing employee data and compliance in a rapidly changing regulatory landscape,enriched,TestCo 15 likely provides software solutions for human resources management,B
TestCo 16,Australia,testco16.com,2500,70,Software,"Hi, I came across your company and noticed you're using [specific testing tool], I'd love to explore how our automated testing solutions can streamline your QA process.",They probably struggle with inefficient testing processes and manual data analysis.,enriched,TestCo 16 likely develops and sells software solutions for testing and quality assurance.,B
TestCo 17,Australia,testco17.com,8000,60,Design,Are you looking for a design partner to streamline your workflow and improve product quality?,They probably struggle with inefficient design processes or inadequate design tools.,enriched,TestCo 17 likely provides design services or solutions to businesses.,B
TestCo 18,Denmark,testco18.com,900,55,HR Software,"Hi, I came across your company's HR software and was wondering if you've seen any benefits from automating your employee onboarding process.",They probably struggle with integrating their HR software with existing company systems and workflows.,enriched,TestCo 18 likely develops and sells software solutions for human resources management.,C
TestCo 19,Denmark,testco19.com,2500,70,HR Software,Are you struggling to keep up with the latest HR regulations and find a reliable solution for your organization?,managing employee data and compliance in a rapidly changing regulatory landscape.,enriched,TestCo 19 likely develops and sells software solutions for human resources management.,B
TestCo 20,Denmark,testco20.com,300,40,Design,"Hi, I came across your design portfolio and was impressed with the innovative solutions you've created for clients - can we discuss how our design collaboration tools can help take your projects to the next level?",They probably struggle with inefficient design workflows and lack of collaboration tools to streamline their design process and improve client satisfaction.,enriched,TestCo 20 is likely a design agency or product design firm that creates user experience and visual design solutions for clients.,C
TestCo 21,United Kingdom,testco21.com,8000,90,HR Software,"Hi, I came across TestCo 21's HR software and was wondering if you've experienced any challenges with onboarding new employees?",TestCo 21 probably struggles with implementing and integrating their HR software with existing legacy systems.,enriched,TestCo 21 likely develops and sells software solutions for human resources management.,A
TestCo 22,United States,testco22.com,80,80,Fintech,Are you struggling to meet the stringent regulatory requirements for your fintech platform?,managing the high volume of regulatory compliance testing required for financial institutions,enriched,TestCo 22 likely provides testing and quality assurance services for fintech companies,A
TestCo 23,Australia,testco23.com,900,30,Healthcare,"Hi, I came across TestCo 23 while researching innovative clinical trial solutions, and I'd love to explore how your services can help streamline patient recruitment.",They probably struggle with inefficient patient recruitment and retention processes.,enriched,TestCo 23 likely provides clinical trial management services to pharmaceutical companies.,C
TestCo 24,United Kingdom,testco24.com,2500,60,Retail,"Hi, we noticed your company is a leading retailer in the industry, and we'd love to discuss how our testing solutions can help streamline your quality control process.",They probably struggle with managing and maintaining a large inventory of test equipment and supplies.,enriched,TestCo 24 likely provides a testing and inspection service for retailers to ensure product quality and safety.,B
TestCo 25,United States,testco25.com,900,45,Retail,"Hi, I came across TestCo 25 and was wondering if you're looking for innovative solutions to streamline your product testing and quality control processes.",They probably struggle with maintaining a reliable and efficient testing process to meet the demands of fast-paced retail environments.,enriched,TestCo 25 likely provides product testing and quality assurance services to retailers.,C
TestCo 26,United Kingdom,testco26.com,300,80,Fintech,"Hi, I came across TestCo 26 and noticed you're working with several fintech clients - I'd love to explore how your testing services can help them achieve regulatory compliance more efficiently",They probably struggle to scale their testing processes to meet the increasing demands of regulatory compliance and rapid innovation in the fintech industry,enriched,TestCo 26 likely provides testing and quality assurance services for fintech companies,A
TestCo 27,Brazil,testco27.com,8000,65,HR Software,Are you struggling to keep up with the latest HR regulations and looking for a reliable solution?,managing employee data and compliance in a rapidly changing regulatory landscape,enriched,TestCo 27 likely develops and sells software solutions for human resources management,B
TestCo 28,Denmark,testco28.com,900,40,Design,"Hi, I came across your company and noticed you're a design-focused business - I'd love to explore how our design automation tools can help streamline your design process",They probably struggle with inefficient design workflows or lack of design consistency across their teams,enriched,TestCo 28 likely provides design services or solutions to businesses,C
TestCo 29,Denmark,testco29.com,1200,70,HR Software,Are you struggling to keep up with the latest HR regulations and looking for a reliable solution to streamline your processes?,managing employee data and compliance in a rapidly changing regulatory landscape,enriched,TestCo 29 likely develops and sells software solutions for human resources management,B
TestCo 30,Germany,testco30.com,80,30,Retail,Are you struggling to optimize your inventory levels and reduce stockouts?,managing inventory discrepancies and stockouts,enriched,TestCo 30 likely provides inventory management and supply chain solutions to retailers.,C
TestCo 31,Australia,testco31.com,2500,70,HR Software,"Hi, we've noticed your organization is still using outdated HR systems - can we discuss how our software can help streamline your operations?",They probably struggle with integrating their HR software with existing systems and processes.,enriched,TestCo 31 likely develops and sells software solutions for human resources management.,B
TestCo 32,United Kingdom,testco32.com,8000,90,Software,"Hi, I came across TestCo 32 while researching innovative software testing solutions, and I'd love to explore how your product can help address our team's current scalability challenges.",They probably struggle to maintain scalability and performance of their software applications.,enriched,TestCo 32 likely develops and sells software solutions for testing and quality assurance.,A
TestCo 33,United Kingdom,testco33.com,80,45,Retail,"Hi, I came across your store and noticed you're currently experiencing high restocking costs - can I help you optimize your inventory management?",They probably struggle with inventory management and supply chain optimization,enriched,TestCo 33 likely operates a brick-and-mortar retail store or e-commerce platform,C
TestCo 34,United Kingdom,testco34.com,900,45,Healthcare,"Hi, I came across TestCo 34 and noticed you're a leading provider of medical testing solutions - I'd love to explore how our equipment can help streamline your operations.",They probably struggle with inventory management and supply chain disruptions impacting their ability to deliver products to customers on time.,enriched,TestCo 34 likely develops and sells medical testing equipment or supplies to healthcare providers.,C
TestCo 35,United States,testco35.com,300,45,Retail,"Hi, I came across TestCo 35 and noticed you're a retailer of consumer electronics - are you looking for ways to optimize your inventory management and reduce stockouts?",They probably struggle with inventory management and stock replenishment to keep up with changing consumer demand.,enriched,TestCo 35 likely operates a brick-and-mortar retail store or e-commerce platform for testing and selling consumer electronics.,C
TestCo 36,United States,testco36.com,8000,75,Design,"Hi, I came across your company and noticed you're a design partner for [similar industry/sector], I'd love to explore how our design solutions can help you scale your brand's visual identity.",They probably struggle with maintaining consistency in their brand's visual identity across multiple platforms and teams.,enriched,TestCo 36 likely provides design services or solutions to businesses.,B
TestCo 37,Brazil,testco37.com,80,30,Design,Are you looking for a design partner to help your brand stay ahead of the curve?,They probably struggle with staying up-to-date with the latest design trends and technologies.,enriched,TestCo 37 likely provides design services or solutions to businesses.,C
TestCo 38,Australia,testco38.com,80,55,HR Software,Are you struggling to keep up with the latest HR regulations and looking for a reliable partner to support your organization?,managing employee data and compliance in a rapidly changing regulatory landscape,enriched,TestCo 38 likely develops and sells software solutions for human resources management,C
TestCo 39,Australia,testco39.com,2500,70,Software,"Hi, I came across TestCo 39 and noticed you're using [current tool], I'd love to explore how our testing automation software can help simplify your testing workflows.",They probably struggle with integrating their testing tools with existing DevOps pipelines to streamline their testing processes.,enriched,TestCo 39 likely develops and sells software solutions for testing and quality assurance.,B
TestCo 40,Australia,testco40.com,1200,45,Healthcare,Are you looking for a partner to help streamline your clinical trial management and improve patient recruitment?,They probably struggle to manage and scale their clinical trial operations efficiently and cost-effectively.,enriched,TestCo 40 likely conducts clinical trials and research studies for pharmaceutical companies and medical device manufacturers.,C
TestCo 41,United Kingdom,testco41.com,80,70,HR Software,"Hi, I came across TestCo 41's innovative HR software and was wondering if you'd be open to discussing how it can streamline your organization's HR processes.",They probably struggle with implementing and integrating new HR technology with existing systems.,enriched,TestCo 41 likely develops and sells software solutions for human resources management.,B
TestCo 42,Germany,testco42.com,80,40,Design,"Hi, I came across your company and noticed you're still using manual design processes - can we discuss how automation can streamline your design workflow?",They probably struggle with inefficient design workflows or lack of design automation.,enriched,TestCo 42 likely provides design services or solutions to businesses.,C
TestCo 43,Brazil,testco43.com,8000,50,Design,"Hi, I came across your company and noticed you're a design firm, I'd love to discuss how our design automation tools can streamline your workflow",They probably struggle with inefficient design workflows or lack of design collaboration tools,enriched,TestCo 43 likely provides design services or solutions to businesses,C
TestCo 44,United States,testco44.com,1200,70,Design,"Hi, I came across your company and noticed you're a design agency, I'd love to explore how our design automation tools can streamline your workflow",They probably struggle with inefficient design workflows or lack of collaboration tools,enriched,TestCo 44 likely provides design services or solutions to businesses,B
TestCo 45,Germany,testco45.com,8000,50,Healthcare,Are you looking for ways to streamline your medical testing processes and improve patient care?,They probably struggle with managing and optimizing their medical testing workflows to improve patient outcomes and reduce costs.,enriched,TestCo 45 likely provides medical testing and diagnostic services to healthcare providers and patients.,C
TestCo 46,Australia,testco46.com,1200,55,Design,Are you looking for a more streamlined design process for your team?,They probably struggle with inefficient design workflow management,enriched,TestCo 46 likely provides design services or solutions to businesses,C
TestCo 47,United States,testco47.com,300,45,Retail,Are you struggling to keep up with changing demand and inventory fluctuations in your retail business?,managing inventory discrepancies and optimizing stock levels to reduce waste and improve customer satisfaction.,enriched,TestCo 47 likely provides inventory management and supply chain optimization solutions for retailers.,C
TestCo 48,United Kingdom,testco48.com,300,45,Healthcare,Can we help streamline your testing processes to ensure seamless FDA compliance?,They probably struggle to maintain compliance with evolving regulatory requirements and industry standards,enriched,TestCo 48 likely conducts medical device testing and validation for the healthcare industry,C
TestCo 49,United States,testco49.com,900,45,Healthcare,"Hi, I came across your company's work on [specific trial/project] and was wondering if you'd be open to discussing how our data analytics solutions could help streamline your trial operations.",They probably struggle to manage and analyze large amounts of clinical trial data efficiently.,enriched,TestCo 49 likely conducts clinical trials and medical research for pharmaceutical companies.,C
TestCo 50,Germany,testco50.com,300,40,Design,Are you looking for a design partner that can help you elevate your brand's visual identity and user experience?,They probably struggle with staying up-to-date with the latest design trends and technologies to remain competitive in the market.,enriched,"TestCo 50 likely provides design services or solutions to businesses, possibly focusing on user experience (UX) and user interface (UI) design.",C
